date,open,high,low,close,volume
2021-01-04,3.81,4.05,3.74,3.98,92066566
2021-01-05,3.92,3.97,3.81,3.85,64213798
2021-01-06,3.85,3.87,3.72,3.79,41335737
2021-01-07,3.79,3.88,3.68,3.7,62416588
2021-01-08,3.7,3.73,3.56,3.65,50748018
2021-01-11,3.62,3.66,3.45,3.45,55089947
2021-01-12,3.43,3.52,3.41,3.5,31943424
2021-01-13,3.47,3.53,3.44,3.5,33457534
2021-01-14,3.47,3.57,3.42,3.5,35125200
2021-01-15,3.51,3.53,3.45,3.47,26060321
2021-01-18,3.57,3.57,3.48,3.53,31153470
2021-01-19,3.5,3.52,3.47,3.49,18548874
2021-01-20,3.51,3.65,3.5,3.56,38551348
2021-01-21,3.5,3.63,3.48,3.59,37200911
2021-01-22,3.55,3.56,3.48,3.48,27641900
2021-01-25,3.47,3.47,3.4,3.42,23806591
2021-01-26,3.4,3.46,3.38,3.43,14560625
2021-01-27,3.42,3.46,3.4,3.42,12117108
2021-01-28,3.37,3.41,3.34,3.36,18269177
2021-01-29,3.36,3.38,3.22,3.28,19425161
2021-02-01,3.27,3.33,3.26,3.33,10254719
2021-02-02,3.34,3.35,3.3,3.33,7621620
2021-02-03,3.34,3.34,3.26,3.31,11649604
2021-02-04,3.29,3.3,3.22,3.25,12354900
2021-02-05,3.25,3.3,3.24,3.24,8461100
2021-02-08,3.23,3.28,3.23,3.27,7500501
2021-02-09,3.26,3.33,3.25,3.33,13448648
2021-02-10,3.32,3.33,3.3,3.33,11921991
2021-02-18,3.38,3.49,3.37,3.45,27484286
2021-02-19,3.45,3.56,3.4,3.56,32471753
2021-02-22,3.59,3.9,3.57,3.75,83094776
2021-02-23,3.75,3.84,3.63,3.75,58331017
2021-02-24,3.69,3.76,3.59,3.65,33263980
2021-02-25,3.68,3.76,3.66,3.69,38599162
2021-02-26,3.6,3.67,3.56,3.59,27578902
2021-03-01,3.61,3.8,3.61,3.77,42074894
2021-03-02,3.76,3.8,3.65,3.68,36995420
2021-03-03,3.77,3.9,3.77,3.87,86887406
2021-03-04,3.83,4.2,3.8,3.96,124805159
2021-03-05,3.84,3.86,3.68,3.74,65200626
2021-03-08,3.78,3.91,3.7,3.71,55446334
2021-03-09,3.71,3.99,3.58,3.86,92197243
2021-03-10,3.79,3.93,3.73,3.79,53142965
2021-03-11,3.82,4.11,3.74,4.08,106112037
2021-03-12,4.09,4.17,4,4.1,100833628
2021-03-15,4.51,4.51,4.49,4.51,71146918
2021-03-16,4.52,4.59,4.32,4.57,187899970
2021-03-17,4.4,4.47,4.2,4.23,130477145
2021-03-18,4.18,4.32,4.11,4.22,98093723
2021-03-19,4.12,4.32,4.08,4.17,78097156
2021-03-22,4.3,4.38,4.12,4.2,84634765
2021-03-23,4.15,4.16,3.87,3.89,97371319
2021-03-24,3.82,3.96,3.76,3.95,70712286
2021-03-25,3.94,3.95,3.8,3.85,41966387
2021-03-26,3.86,3.98,3.85,3.96,49269542
2021-03-29,4,4.06,3.94,4.04,57154053
2021-03-30,4.01,4.29,3.97,4.19,108882503
2021-03-31,4.18,4.34,4.08,4.16,82429013
2021-04-01,4.09,4.45,4.01,4.3,123716615
2021-04-02,4.2,4.32,4.18,4.2,69100018
2021-04-06,4.25,4.37,4.2,4.21,63857150
2021-04-07,4.16,4.63,4.13,4.56,152539833
2021-04-08,4.52,5.02,4.43,4.7,237305592
2021-04-09,4.88,4.96,4.45,4.82,212605705
2021-04-12,4.75,5.28,4.67,5.11,198386079
2021-04-13,4.86,4.97,4.66,4.78,134456863
2021-04-14,4.56,4.93,4.56,4.8,110791827
2021-04-15,4.75,4.79,4.56,4.61,77081917
2021-04-16,4.6,4.73,4.6,4.62,67331442
2021-04-19,4.62,4.8,4.5,4.65,75211426
2021-04-20,4.63,4.75,4.6,4.64,59487929
2021-04-21,4.64,4.65,4.43,4.61,63512422
2021-04-22,4.64,5.07,4.63,5.07,177884464
2021-04-23,5,5.58,4.95,5.58,233064268
2021-04-26,5.65,5.78,5.33,5.37,194862093
2021-04-27,5.45,5.53,5.18,5.33,100597229
2021-04-28,5.26,5.32,5.13,5.28,91145275
2021-04-29,5.24,5.28,4.97,5.19,112103704
2021-04-30,5.18,5.3,5.08,5.2,91259355
2021-05-06,5.45,5.72,5.33,5.72,143799011
2021-05-07,5.95,6.24,5.8,6.02,169215189
2021-05-10,6.31,6.62,5.99,6.62,182877221
2021-05-11,6.46,6.5,6.15,6.19,151526670
2021-05-12,6.3,6.62,6.18,6.36,150292136
2021-05-13,6.2,6.48,5.98,6.04,144641413
2021-05-14,6.06,6.24,5.74,5.89,145457049
2021-05-17,5.81,6.3,5.74,6.05,121032318
2021-05-18,6.21,6.25,6.05,6.11,88436551
2021-05-19,5.99,6.07,5.82,5.89,88689640
2021-05-20,5.47,5.66,5.3,5.61,139267624
2021-05-21,5.58,6.09,5.52,6,111520283
2021-05-24,5.75,5.92,5.6,5.72,74398704
2021-05-25,5.81,5.84,5.46,5.76,82104449
2021-05-26,5.62,5.79,5.6,5.7,59484111
2021-05-27,5.69,5.81,5.66,5.72,46238542
2021-05-28,5.89,5.95,5.62,5.63,72929741
2021-05-31,5.66,5.69,5.48,5.58,45061647
2021-06-01,5.42,5.64,5.3,5.61,72920435
2021-06-02,5.53,5.59,5.4,5.42,40717700
2021-06-03,5.42,5.78,5.42,5.59,71209247
2021-06-04,5.5,5.52,5.3,5.48,41125902
2021-06-07,5.48,5.52,5.37,5.41,33618286
2021-06-08,5.38,5.8,5.36,5.54,68076097
2021-06-09,5.55,5.84,5.55,5.68,76688460
2021-06-10,5.63,5.87,5.61,5.81,81486052
2021-06-11,5.85,6.38,5.78,6.19,110068087
2021-06-15,6.03,6.14,5.91,6.07,62797082
2021-06-16,6,6.3,5.85,6.03,61186239
2021-06-17,6.01,6.38,5.98,6.13,69327787
2021-06-18,6.12,6.48,5.99,6.44,96538698
2021-06-21,6.7,6.77,6.25,6.31,95672939
2021-06-22,6.27,6.35,6.06,6.25,67638100
2021-06-23,6.2,6.25,6.03,6.14,48271275
2021-06-24,6.1,6.14,5.95,5.96,52391586
2021-06-25,6.03,6.56,5.93,6.56,84137491
2021-06-28,6.6,6.69,6.44,6.45,100408049
2021-06-29,6.45,6.45,6.07,6.1,65180830
2021-06-30,6.13,6.23,6.03,6.18,60468659
2021-07-01,6.16,6.27,5.98,6.02,52937532
2021-07-02,5.91,6.06,5.88,5.96,30635518
2021-07-05,5.95,6.04,5.8,6.01,34044906
2021-07-06,6.09,6.32,5.99,6.12,44856293
2021-07-07,6.19,6.48,6.13,6.34,124946711
2021-07-08,6.25,6.3,6.11,6.15,64475120
2021-07-09,6.09,6.28,5.91,6.2,80159003
2021-07-12,6.25,6.56,6.25,6.31,96739619
2021-07-13,6.36,6.53,6.22,6.53,82634601
2021-07-14,6.43,6.78,6.41,6.54,85239624
2021-07-15,6.43,7.19,6.42,7.19,157121962
2021-07-16,7.36,7.65,7.15,7.55,162892943
2021-07-19,7.5,8.3,7.5,7.6,127225130
2021-07-20,7.53,7.55,7.23,7.39,77605686
2021-07-21,7.53,7.6,7.2,7.35,86853463
2021-07-22,7.35,7.8,7.28,7.61,108908532
2021-07-23,7.56,7.92,7.38,7.42,117181722
2021-07-26,7.42,7.53,6.98,7.14,95765096
2021-07-27,7.2,7.34,6.71,6.74,97027476
2021-07-28,6.69,6.74,6.31,6.56,57544797
2021-07-29,6.69,6.9,6.62,6.86,54922185
2021-07-30,6.84,7.31,6.79,7.25,86107374
2021-08-02,6.9,7.1,6.69,7.05,74711743
2021-08-03,6.9,6.98,6.59,6.68,52719086
2021-08-04,6.75,6.97,6.68,6.89,50312096
2021-08-05,6.84,6.84,6.62,6.68,37222360
2021-08-06,6.59,6.75,6.46,6.68,36493882
2021-08-09,6.63,6.8,6.48,6.75,39353073
2021-08-10,6.74,6.75,6.56,6.64,38339672
2021-08-11,6.74,7.07,6.66,7.04,86627811
2021-08-12,6.92,7.23,6.85,7.09,86769447
2021-08-13,7,7.45,6.95,7.35,88417678
2021-08-16,7.35,7.48,7.18,7.33,69410460
2021-08-17,7.27,7.44,7.12,7.15,63945637
2021-08-18,7.14,7.53,7.09,7.37,73433889
2021-08-19,7.15,7.22,6.96,7.16,64279246
2021-08-20,7.18,7.48,7.04,7.39,62067093
2021-08-23,7.39,7.55,7.22,7.26,74805105
2021-08-24,7.27,7.78,7.22,7.65,95898787
2021-08-25,7.59,7.64,7.37,7.6,61902268
2021-08-26,7.65,8.1,7.65,7.87,101295681
2021-08-27,7.7,7.99,7.7,7.95,71376629
2021-08-30,8.09,8.09,7.7,7.91,81193292
2021-08-31,7.89,8.28,7.86,8.26,113503641
2021-09-01,8.26,8.56,7.67,7.72,110983387
2021-09-02,7.72,7.96,7.56,7.9,90667981
2021-09-03,7.87,8.69,7.86,8.42,155918981
2021-09-06,8.3,8.58,7.82,8.38,104113527
2021-09-07,8.25,9.22,8.16,9.21,134942966
2021-09-08,8.88,9.2,8.75,8.99,102607781
2021-09-09,8.97,9.89,8.91,9.89,139535901
2021-09-10,9.99,10.68,9.78,10.65,158972835
2021-09-13,10.3,11.11,10.26,10.89,119801657
2021-09-14,10.68,10.8,9.96,10.19,94387170
2021-09-15,10.11,10.35,9.94,10.13,60049357
2021-09-16,10.32,10.72,10.07,10.1,78041277
2021-09-17,9.99,10.3,9.23,9.67,81219893
2021-09-22,9.61,10.12,9.56,9.94,54408693
2021-09-23,10.17,10.26,9.65,9.88,57872716
2021-09-24,9.72,10.03,9.26,9.3,53767733
2021-09-27,9.34,9.45,8.6,8.85,53438768
2021-09-28,8.87,8.98,8.6,8.77,34113288
2021-09-29,8.79,8.85,7.95,8.15,52573694
2021-09-30,8.2,8.31,8.02,8.17,36789570
2021-10-08,8.23,8.34,7.9,8.04,39414972
2021-10-11,8.03,8.05,7.68,7.89,34578347
2021-10-12,7.91,7.99,7.31,7.48,58595454
2021-10-13,7.55,7.57,7.19,7.41,44191727
2021-10-14,7.51,7.82,7.42,7.62,60331581
2021-10-15,7.67,7.73,7.51,7.59,46501575
2021-10-18,7.59,8,7.52,7.85,45208250
2021-10-19,7.86,8.21,7.81,8.2,57562770
2021-10-20,7.96,8.22,7.58,8.09,58882859
2021-10-21,8.09,8.25,7.85,7.89,70094599
2021-10-22,7.83,7.9,7.34,7.38,73355382
2021-10-25,7.3,7.63,7.23,7.47,48799257
2021-10-26,7.56,7.61,7.38,7.44,36860179
2021-10-27,7.44,7.44,7.1,7.14,43592219
2021-10-28,7.15,7.18,6.84,7.06,49486623
2021-10-29,7.15,7.19,6.94,7.09,36056009
2021-11-01,7.25,7.67,7.14,7.55,74332505
2021-11-02,7.45,7.49,6.8,6.9,85183018
2021-11-03,6.89,6.89,6.61,6.85,56800733
2021-11-04,6.76,6.79,6.68,6.73,37912121
2021-11-05,6.59,6.65,6.29,6.31,55497791
2021-11-08,6.33,6.52,6.33,6.36,44734104
2021-11-09,6.39,6.42,6.21,6.3,32836823
2021-11-10,6.2,6.35,6.07,6.33,46044694
2021-11-11,6.46,6.59,6.34,6.51,61717971
2021-11-12,6.43,6.48,6.2,6.21,58178004
2021-11-15,6.18,6.25,6.06,6.2,41813166
2021-11-16,6.2,6.22,6.02,6.03,36836201
2021-11-17,6.09,6.11,5.99,6.03,48355897
2021-11-18,6,6.12,5.98,6.02,46707850
2021-11-19,6.01,6.18,5.91,6.14,54512094
2021-11-22,6.17,6.27,6.12,6.19,40121552
2021-11-23,6.21,6.61,6.13,6.45,96786460
2021-11-24,6.45,6.52,6.28,6.42,60460452
2021-11-25,6.42,6.42,6.22,6.23,42080271
2021-11-26,6.17,6.49,6.13,6.37,64217285
2021-11-29,6.2,6.39,6.13,6.33,46830054
2021-11-30,6.35,6.44,6.21,6.27,37503846
2021-12-01,6.21,6.39,6.16,6.38,38539162
2021-12-02,6.33,6.59,6.25,6.54,77782291
2021-12-03,6.49,6.52,6.26,6.44,84407805
2021-12-06,6.42,6.64,6.42,6.44,81370182
2021-12-07,6.51,6.87,6.35,6.72,107029551
2021-12-08,6.64,6.72,6.58,6.69,65331601
2021-12-09,6.65,6.74,6.59,6.61,59628728
2021-12-10,6.6,6.62,6.43,6.48,49978958
2021-12-13,6.5,6.56,6.46,6.52,37739241
2021-12-14,6.49,6.5,6.36,6.38,37215663
2021-12-15,6.38,6.49,6.36,6.4,32707377
2021-12-16,6.39,6.8,6.38,6.79,127186033
2021-12-17,6.79,6.87,6.64,6.65,66357800
2021-12-20,6.65,6.72,6.45,6.46,50358159
2021-12-21,6.44,6.69,6.42,6.64,49559168
2021-12-22,6.63,6.64,6.51,6.54,35912144
2021-12-23,6.59,6.73,6.53,6.66,54185297
2021-12-24,6.64,6.65,6.42,6.44,48795327
2021-12-27,6.36,6.41,6.27,6.32,34503115
2021-12-28,6.3,6.36,6.25,6.31,24031818
2021-12-29,6.29,6.41,6.27,6.32,21131497
2021-12-30,6.34,6.37,6.25,6.26,31813079
2021-12-31,6.25,6.29,6.2,6.21,32642300
2022-01-04,6.23,6.33,6.21,6.29,37772255
2022-01-05,6.29,6.31,6.13,6.19,33143347
2022-01-06,6.19,6.4,6.16,6.31,47947315
2022-01-07,6.3,6.59,6.29,6.52,84822559
2022-01-10,6.62,6.65,6.5,6.61,50427696
2022-01-11,6.59,7.05,6.57,6.9,100895087
2022-01-12,6.81,6.85,6.61,6.75,73326058
2022-01-13,6.76,6.85,6.67,6.73,52524795
2022-01-14,6.7,6.7,6.45,6.5,38193881
2022-01-17,6.42,6.45,6.3,6.39,35041614
2022-01-18,6.4,6.52,6.33,6.46,37821408
2022-01-19,6.65,6.92,6.56,6.83,116182506
2022-01-20,6.75,7.09,6.7,6.72,78592206
2022-01-21,6.67,6.76,6.62,6.65,41654991
2022-01-24,6.63,6.74,6.43,6.56,37779303
2022-01-25,6.5,6.55,6.14,6.15,51211571
2022-01-26,6.15,6.51,6.13,6.35,42271534
2022-01-27,6.35,6.39,6.19,6.22,27822223
2022-01-28,5.61,5.74,5.6,5.6,94151283
2022-02-07,5.55,5.83,5.44,5.8,77265246
2022-02-08,5.77,6.14,5.7,6.11,83015099
2022-02-09,6.1,6.38,6.04,6.15,58851113
2022-02-10,6.09,6.22,6.07,6.18,47747084
2022-02-11,6.17,6.33,6.04,6.06,53549609
2022-02-14,5.96,6.09,5.91,5.94,33917099
2022-02-15,5.94,5.99,5.8,5.93,30511935
2022-02-16,5.96,6.09,5.94,6.01,27937371
2022-02-17,5.97,6.19,5.95,6.06,35693102
2022-02-18,6.01,6.33,5.98,6.31,65189825
2022-02-21,6.32,6.52,6.26,6.52,55248476
2022-02-22,6.47,6.6,6.36,6.43,43670075
2022-02-23,6.45,6.49,6.3,6.37,33961441
2022-02-24,6.34,6.39,6.04,6.14,44772935
2022-02-25,6.16,6.47,6.16,6.27,47333891
2022-02-28,6.3,6.34,6.19,6.3,28968626
2022-03-01,6.32,6.49,6.3,6.36,34043043
2022-03-02,6.34,6.5,6.31,6.4,34393015
2022-03-03,6.45,6.66,6.42,6.59,62396482
2022-03-04,6.58,6.8,6.42,6.55,55111726
2022-03-07,6.65,6.71,6.5,6.56,53761990
2022-03-08,6.51,6.55,6.19,6.27,48451482
2022-03-09,6.28,6.33,5.81,6.24,49235860
2022-03-10,6.31,6.33,6.1,6.2,29967235
2022-03-11,6.1,6.19,5.95,6.15,29321237
2022-03-14,6.06,6.19,5.92,5.93,34335334
2022-03-15,5.92,5.92,5.34,5.34,55735010
2022-03-16,5.4,5.47,5.1,5.44,47818144
2022-03-17,5.46,5.65,5.46,5.55,40565260
2022-03-18,5.5,5.7,5.47,5.68,36750992
2022-03-21,5.69,5.75,5.57,5.65,28793001
2022-03-22,5.65,5.78,5.6,5.76,33337644
2022-03-23,5.71,5.76,5.64,5.68,24059258
2022-03-24,5.66,5.73,5.61,5.61,20328300
2022-03-25,5.64,5.69,5.57,5.59,19680982
2022-03-28,5.6,5.76,5.42,5.69,30523788
2022-03-29,5.69,5.71,5.55,5.58,20241502
2022-03-30,5.59,5.68,5.53,5.66,30712763
2022-03-31,5.66,5.87,5.65,5.85,55236232
2022-04-01,5.79,5.82,5.71,5.78,42349956
2022-04-06,5.76,6.36,5.7,6.36,77899651
2022-04-07,6.55,7,6.5,6.99,249385356
2022-04-08,6.66,7.69,6.66,7.69,229903848
2022-04-11,7.66,8.35,7.19,7.68,269191723
2022-04-12,7.35,8.17,7.26,7.3,227963212
2022-04-13,7.16,7.6,6.93,7.23,186351453
2022-04-14,7.18,7.93,7.15,7.86,212105722
2022-04-15,7.68,8.45,7.53,7.61,210822859
2022-04-18,7.32,7.79,7.22,7.47,129082247
2022-04-19,7.42,8.05,7.42,7.95,159077867
2022-04-20,7.75,7.91,7.16,7.2,191926153
2022-04-21,6.96,7.19,6.75,6.8,125962068
2022-04-22,6.73,6.98,6.54,6.84,97271123
2022-04-25,6.6,6.64,6.16,6.16,89706272
2022-04-26,5.97,6.1,5.54,5.54,111593511
2022-04-27,5.67,6.09,5.53,6.02,110205781
2022-04-28,5.9,6.05,5.65,5.9,86220952
2022-04-29,5.61,6.04,5.4,5.97,132620986
2022-05-05,5.87,6.01,5.78,5.8,72581879
2022-05-06,5.65,5.65,5.23,5.28,97722998
2022-05-09,5.28,5.52,5.17,5.47,56921041
2022-05-10,5.31,5.63,5.19,5.52,72547305
2022-05-11,5.54,5.99,5.52,5.68,96683822
2022-05-12,5.62,5.77,5.41,5.54,59592240
2022-05-13,5.6,5.63,5.48,5.54,41045062
2022-05-16,5.59,5.85,5.48,5.74,80107412
2022-05-17,5.7,5.85,5.53,5.77,78350965
2022-05-18,5.75,5.93,5.7,5.73,55651567
2022-05-19,5.6,5.73,5.55,5.68,44346269
2022-05-20,5.72,5.9,5.67,5.82,73947574
2022-05-23,5.86,6.19,5.82,6.06,112939380
2022-05-24,5.97,5.98,5.62,5.63,81526853
2022-05-25,5.62,5.76,5.59,5.72,42518416
2022-05-26,5.79,5.92,5.69,5.83,54146878
2022-05-27,5.8,5.98,5.76,5.89,67318341
2022-05-30,5.89,5.94,5.76,5.81,41408305
2022-05-31,5.82,5.84,5.64,5.77,40680465
2022-06-01,5.72,5.78,5.63,5.75,39108021
2022-06-02,5.7,6.09,5.7,5.99,100690623
2022-06-06,5.97,6.05,5.85,6.04,67742197
2022-06-07,6.03,6.04,5.8,5.86,58065488
2022-06-08,5.9,5.99,5.74,5.91,57707743
2022-06-09,5.87,5.97,5.75,5.8,48924701
2022-06-10,5.73,5.84,5.72,5.82,35147840
2022-06-13,5.76,5.81,5.57,5.63,65855729
2022-06-14,5.55,5.71,5.43,5.7,52027011
2022-06-15,5.65,5.89,5.64,5.76,65935505
2022-06-16,5.8,5.96,5.7,5.74,51910940
2022-06-17,5.66,5.75,5.6,5.69,39985891
2022-06-20,5.65,5.65,5.57,5.61,36547856
2022-06-21,5.6,5.96,5.52,5.79,87959764
2022-06-22,5.7,5.99,5.63,5.85,104019370
2022-06-23,5.76,5.84,5.71,5.79,58278233
2022-06-24,5.76,5.85,5.71,5.73,44645701
2022-06-27,5.75,5.76,5.65,5.69,37136426
2022-06-28,5.69,5.72,5.63,5.71,27074295
2022-06-29,5.68,5.71,5.58,5.59,38422431
2022-06-30,5.59,5.64,5.57,5.62,28341581
2022-07-01,5.6,5.65,5.55,5.61,27823157
2022-07-04,5.59,5.59,5.53,5.55,25719487
2022-07-05,5.55,5.71,5.54,5.7,69376648
2022-07-06,5.64,5.65,5.47,5.49,45909314
2022-07-07,5.48,5.5,5.42,5.46,23984733
2022-07-08,5.46,5.49,5.38,5.39,25139643
2022-07-11,5.37,5.37,5.23,5.27,24142276
2022-07-12,5.26,5.33,5.23,5.28,16113780
2022-07-13,5.26,5.31,5.24,5.31,14446941
2022-07-14,5.3,5.3,5.18,5.18,23679165
2022-07-15,5.09,5.1,4.69,4.77,53601903
2022-07-18,4.76,4.86,4.74,4.85,23677406
2022-07-19,4.84,4.9,4.8,4.86,17195642
2022-07-20,4.86,5.03,4.86,4.91,21764091
2022-07-21,4.9,4.9,4.82,4.82,17380783
2022-07-22,4.84,4.85,4.62,4.71,36943166
2022-07-25,4.73,4.74,4.58,4.59,21049214
2022-07-26,4.59,4.67,4.52,4.67,20513002
2022-07-27,4.67,4.76,4.56,4.74,27962194
2022-07-28,4.76,4.77,4.72,4.75,16955798
2022-07-29,4.76,4.83,4.7,4.73,20042451
2022-08-01,4.72,4.73,4.66,4.7,12594414
2022-08-02,4.66,4.66,4.41,4.51,26896692
2022-08-03,4.5,4.59,4.42,4.44,19975600
2022-08-04,4.46,4.5,4.4,4.48,16576203
2022-08-05,4.47,4.58,4.45,4.57,18287871
2022-08-08,4.54,4.66,4.53,4.62,21353705
2022-08-09,4.58,4.62,4.55,4.59,11780119
2022-08-10,4.57,4.62,4.52,4.56,17079476
2022-08-11,4.58,4.65,4.56,4.64,22548473
2022-08-12,4.65,4.68,4.61,4.66,15653700
2022-08-15,4.69,4.72,4.61,4.63,15912021
2022-08-16,4.61,4.67,4.58,4.66,17672061
2022-08-17,4.64,4.65,4.6,4.63,17472184
2022-08-18,4.61,4.62,4.53,4.54,20420353
2022-08-19,4.54,4.59,4.52,4.52,13393969
2022-08-22,4.5,4.56,4.47,4.55,12261691
2022-08-23,4.55,4.55,4.47,4.49,16559700
2022-08-24,4.51,4.58,4.38,4.4,28293293
2022-08-25,4.42,4.45,4.32,4.43,20147610
2022-08-26,4.42,4.46,4.35,4.36,13653760
2022-08-29,4.29,4.44,4.23,4.43,17219407
2022-08-30,4.44,4.47,4.38,4.4,12615086
2022-08-31,4.4,4.42,4.32,4.33,14239792
2022-09-01,4.33,4.41,4.29,4.3,15639243
2022-09-02,4.3,4.35,4.26,4.34,13583424
2022-09-05,4.35,4.49,4.3,4.49,30616976
2022-09-06,4.52,4.64,4.49,4.57,52166865
2022-09-07,4.54,4.58,4.49,4.54,26724900
2022-09-08,4.54,4.87,4.52,4.73,69075132
2022-09-09,4.68,4.79,4.64,4.74,56592631
2022-09-13,4.77,4.77,4.67,4.69,31797966
2022-09-14,4.55,4.73,4.53,4.66,25650100
2022-09-15,4.69,4.73,4.52,4.57,31045894
2022-09-16,4.59,4.6,4.34,4.36,29037054
2022-09-19,4.35,4.38,4.27,4.29,17173878
2022-09-20,4.3,4.35,4.26,4.3,15308963
2022-09-21,4.27,4.34,4.16,4.32,26819186
2022-09-22,4.26,4.39,4.26,4.31,22244521
2022-09-23,4.33,4.53,4.26,4.41,43176102
2022-09-26,4.35,4.37,4.11,4.14,34576303
2022-09-27,4.12,4.2,4.07,4.18,20275151
2022-09-28,4.14,4.15,3.96,3.96,29531060
2022-09-29,4,4.05,3.88,3.91,18374560
2022-09-30,3.91,3.99,3.9,3.91,17107502
2022-10-10,3.91,3.97,3.83,3.86,17949239
2022-10-11,3.81,3.89,3.77,3.84,13649039
2022-10-12,3.84,3.93,3.75,3.92,19184100
2022-10-13,3.88,3.93,3.84,3.89,15904409
2022-10-14,3.9,3.98,3.89,3.95,21101576
2022-10-17,3.92,4.03,3.9,4.01,22158068
2022-10-18,4.02,4.03,3.95,3.96,15016731
2022-10-19,3.96,3.96,3.88,3.88,13180341
2022-10-20,3.86,3.9,3.8,3.84,13529500
2022-10-21,3.86,3.89,3.81,3.83,11341074
2022-10-24,3.83,3.87,3.73,3.75,18088442
2022-10-25,3.73,3.77,3.66,3.74,14546538
2022-10-26,3.74,3.8,3.73,3.75,14905314
2022-10-27,3.76,3.78,3.7,3.72,11660702
2022-10-28,3.69,3.72,3.51,3.52,22076357
2022-10-31,3.4,3.52,3.34,3.47,19259153
2022-11-01,3.49,3.6,3.48,3.59,17716110
2022-11-02,3.6,3.64,3.57,3.61,13084244
2022-11-03,3.59,3.72,3.56,3.68,19573024
2022-11-04,3.68,3.77,3.68,3.75,15871750
2022-11-07,3.76,4.13,3.75,3.92,48788855
2022-11-08,3.93,4.02,3.88,3.96,28632204
2022-11-09,3.94,4.01,3.93,3.94,19652914
2022-11-10,3.91,4.07,3.89,4.03,35840456
2022-11-11,4.1,4.13,4.01,4.04,26021991
2022-11-14,4.07,4.14,4.03,4.05,26335182
2022-11-15,4.05,4.11,4.03,4.08,19222450
2022-11-16,4.09,4.24,4.08,4.15,26202300
2022-11-17,4.14,4.14,4.08,4.14,13192000
2022-11-18,4.17,4.18,4.03,4.06,15681433
2022-11-21,4.06,4.06,3.98,4.02,15352625
2022-11-22,4.04,4.17,4.02,4.08,20904771
2022-11-23,4.07,4.12,4.06,4.08,13201000
2022-11-24,4.1,4.14,4.09,4.1,12093806
2022-11-25,4.14,4.18,4.07,4.17,19035101
2022-11-28,4.12,4.13,4.04,4.1,19863400
2022-11-29,4.16,4.4,4.15,4.31,43200738
2022-11-30,4.31,4.33,4.16,4.18,33342900
2022-12-01,4.22,4.26,4.18,4.18,19459668
2022-12-02,4.17,4.18,4.13,4.15,20258953
2022-12-05,4.17,4.56,4.16,4.47,78095210
2022-12-06,4.41,4.43,4.28,4.32,43306271
2022-12-07,4.32,4.42,4.24,4.27,34082435
2022-12-08,4.27,4.35,4.22,4.34,25936784
2022-12-09,4.35,4.51,4.26,4.49,70999777
2022-12-12,4.45,4.46,4.25,4.28,51611937
2022-12-13,4.24,4.39,4.23,4.3,31000552
2022-12-14,4.28,4.33,4.19,4.2,29113722
2022-12-15,4.25,4.26,4.14,4.18,21672138
2022-12-16,4.14,4.33,4.13,4.27,43028666
2022-12-19,4.22,4.28,4.05,4.07,30801108
2022-12-20,4.06,4.13,4.02,4.08,17032427
2022-12-21,4.08,4.11,4.02,4.06,14152126
2022-12-22,4.08,4.21,4,4.02,20551926
2022-12-23,3.98,4.02,3.93,3.97,18143280
2022-12-26,3.98,3.99,3.9,3.95,13487778
2022-12-27,3.98,4.07,3.96,4.03,16108951
2022-12-28,4.01,4.08,3.99,4.03,13420415
2022-12-29,4.03,4.03,3.93,3.93,14037803
2022-12-30,3.95,3.96,3.91,3.96,8131853
2023-01-03,3.95,4.02,3.92,4.02,11087163
2023-01-04,4.01,4.09,3.98,4.05,14910100
2023-01-05,4.05,4.05,4.01,4.03,13258744
2023-01-06,4.01,4.07,4.01,4.02,13402602
2023-01-09,4,4.06,4,4.03,10703748
2023-01-10,4.02,4.03,3.95,3.96,14227200
2023-01-11,3.94,3.99,3.92,3.94,14994444
2023-01-12,3.93,3.94,3.85,3.92,17754216
2023-01-13,3.92,3.94,3.9,3.92,8689233
2023-01-16,3.91,4.08,3.91,4.01,18365122
2023-01-17,4.02,4.06,3.96,3.99,10358583
2023-01-18,4.02,4.03,3.99,4.02,8817864
2023-01-19,4.01,4.07,4.01,4.07,13691287
2023-01-20,4.09,4.17,4.08,4.17,17566000
2023-01-30,4.2,4.36,4.2,4.3,33522915
2023-01-31,4.24,4.33,4.21,4.3,19834433
2023-02-01,4.3,4.52,4.3,4.49,43542674
2023-02-02,4.51,4.52,4.42,4.47,28186609
2023-02-03,4.45,4.45,4.3,4.35,31958902
2023-02-06,4.35,4.35,4.29,4.35,15931284
2023-02-07,4.36,4.39,4.31,4.37,15518288
2023-02-08,4.38,4.39,4.29,4.3,13559500
2023-02-09,4.3,4.37,4.28,4.36,12837316
2023-02-10,4.35,4.37,4.3,4.32,13744140
2023-02-13,4.32,4.45,4.31,4.43,21604802
2023-02-14,4.44,4.53,4.42,4.49,29319350
2023-02-15,4.5,4.5,4.39,4.4,20599837
2023-02-16,4.43,4.45,4.28,4.31,23199621
2023-02-17,4.33,4.37,4.31,4.31,15387867
2023-02-20,4.31,4.47,4.3,4.45,24740304
2023-02-21,4.46,4.83,4.44,4.68,84933935
2023-02-22,4.66,4.74,4.6,4.69,44752232
2023-02-23,4.72,4.77,4.62,4.66,29671100
2023-02-24,4.65,4.65,4.57,4.63,20155264
2023-02-27,4.62,4.67,4.55,4.58,23079304
2023-02-28,4.56,4.61,4.52,4.58,16791604
2023-03-01,4.58,4.65,4.56,4.61,18118060
2023-03-02,4.61,4.7,4.57,4.65,25599964
2023-03-03,4.64,4.83,4.61,4.77,51563252
2023-03-06,4.73,4.75,4.59,4.61,37683583
2023-03-07,4.63,4.71,4.57,4.59,25199761
2023-03-08,4.56,4.63,4.54,4.61,16226783
2023-03-09,4.6,4.65,4.55,4.57,15809345
2023-03-10,4.55,4.56,4.41,4.43,24845519
2023-03-13,4.41,4.53,4.41,4.48,18031455
2023-03-14,4.48,4.5,4.35,4.36,20939812
2023-03-15,4.39,4.7,4.38,4.65,41429856
2023-03-16,4.64,4.64,4.44,4.46,31445242
2023-03-17,4.48,4.57,4.46,4.5,21799337
2023-03-20,4.5,4.51,4.32,4.33,34228400
2023-03-21,4.37,4.38,4.28,4.31,21778689
2023-03-22,4.33,4.33,4.25,4.28,21248340
2023-03-23,4.26,4.27,4.22,4.26,20627300
2023-03-24,4.27,4.29,4.22,4.27,17088600
2023-03-27,4.27,4.28,4.17,4.19,17927530
2023-03-28,4.22,4.22,4.14,4.15,13017000
2023-03-29,4.16,4.16,4.09,4.1,12854903
2023-03-30,4.1,4.15,4.07,4.14,14460308
2023-03-31,4.13,4.18,4.11,4.16,11658246
2023-04-03,4.16,4.2,4.14,4.18,11558705
2023-04-04,4.19,4.23,4.16,4.2,13701489
2023-04-06,4.2,4.24,4.15,4.23,16498940
2023-04-07,4.24,4.25,4.2,4.21,10932290
2023-04-10,4.22,4.33,4.21,4.22,18334700
2023-04-11,4.22,4.25,4.14,4.24,13751057
2023-04-12,4.26,4.37,4.23,4.35,32554190
2023-04-13,4.34,4.48,4.33,4.37,34370504
2023-04-14,4.37,4.41,4.3,4.41,27568185
2023-04-17,4.39,4.53,4.37,4.44,27687138
2023-04-18,4.41,4.5,4.41,4.46,40716992
2023-04-19,4.48,4.49,4.4,4.44,25519837
2023-04-20,4.38,4.42,4.32,4.38,17850308
2023-04-21,4.36,4.41,4.26,4.29,22697628
2023-04-24,4.27,4.29,4.15,4.18,19089867
2023-04-25,4.2,4.21,4.05,4.1,23511460
2023-04-26,4.09,4.15,3.98,4.14,20403875
2023-04-27,4.13,4.16,4.06,4.13,14616184
2023-04-28,4.11,4.21,4.1,4.19,13660520
2023-05-04,4.14,4.3,4.12,4.19,27729241
2023-05-05,4.21,4.5,4.19,4.44,87812725
2023-05-08,4.52,4.84,4.52,4.8,131979060
2023-05-09,4.76,5.21,4.72,5.03,140254460
2023-05-10,4.97,5.27,4.96,5.08,94423085
2023-05-11,5.08,5.13,4.7,4.74,96340197
2023-05-12,4.82,4.82,4.62,4.65,44408474
2023-05-15,4.66,4.69,4.45,4.57,50326149
2023-05-16,4.54,4.64,4.51,4.54,30670332
2023-05-17,4.52,4.8,4.48,4.75,52602456
2023-05-18,4.7,4.73,4.58,4.65,38230984
2023-05-19,4.7,4.7,4.48,4.51,38170191
2023-05-22,4.45,4.47,4.33,4.36,32635819
2023-05-23,4.33,4.37,4.18,4.2,28298116
2023-05-24,4.17,4.18,4.08,4.09,31224080
2023-05-25,4.09,4.13,4.03,4.11,25888984
2023-05-26,4.11,4.11,4.02,4.1,20455459
2023-05-29,4.11,4.15,4.03,4.05,24213582
2023-05-30,4.05,4.12,4.01,4.11,18918440
2023-05-31,4.09,4.14,4.03,4.05,21053902
2023-06-01,4.05,4.09,4.02,4.06,13924288
2023-06-02,4.07,4.16,4.06,4.15,23684205
2023-06-05,4.15,4.2,4.08,4.1,23600446
2023-06-06,4.1,4.12,4.04,4.05,18471400
2023-06-07,4.05,4.09,4.04,4.08,11980504
2023-06-08,4.06,4.2,4.05,4.15,26054702
2023-06-09,4.15,4.2,4.12,4.13,18438557
2023-06-12,4.12,4.13,4.09,4.11,13498224
2023-06-13,4.09,4.14,4.08,4.12,11792906
2023-06-14,4.12,4.14,4.1,4.13,11550957
2023-06-15,4.11,4.17,4.06,4.16,21317712
2023-06-16,4.14,4.3,4.12,4.27,36126320
2023-06-19,4.3,4.3,4.12,4.14,30385786
2023-06-20,4.15,4.16,4.09,4.1,15192512
2023-06-21,4.08,4.13,4.07,4.08,12029146
2023-06-26,4.08,4.08,3.99,4,19997400
2023-06-27,3.98,4.12,3.98,4.1,18133897
2023-06-28,4.11,4.11,4.04,4.08,13312665
2023-06-29,4.06,4.06,4.01,4.02,19251066
2023-06-30,4.02,4.07,4.01,4.05,11570158
2023-07-03,4.06,4.13,4.05,4.11,18652279
2023-07-04,4.12,4.12,4.06,4.08,16242411
2023-07-05,4.07,4.12,4.06,4.11,12519161
2023-07-06,4.1,4.11,4.03,4.05,16062300
2023-07-07,4.03,4.11,4.03,4.09,17135225
2023-07-10,4.1,4.11,4.06,4.07,9968500
2023-07-11,4.09,4.12,4.06,4.12,13133332
2023-07-12,4.16,4.16,4.04,4.05,18841035
2023-07-13,4.06,4.09,4.06,4.07,13232200
2023-07-14,4.07,4.1,4.06,4.07,12899902
2023-07-17,4.04,4.05,4,4.03,18227600
2023-07-18,4.03,4.04,4,4.02,13191592
2023-07-19,4.01,4.05,4,4.04,9889900
2023-07-20,4.05,4.06,4,4.01,15912000
2023-07-21,4.01,4.03,3.99,4.02,15665935
2023-07-24,4.02,4.03,3.99,4,13182879
2023-07-25,4.02,4.14,4.02,4.13,42461825
2023-07-26,4.13,4.34,4.11,4.26,66008412
2023-07-27,4.16,4.68,4.12,4.48,143417167
2023-07-28,4.36,4.55,4.33,4.43,100501553
2023-07-31,4.4,4.54,4.4,4.49,56835028
2023-08-01,4.49,4.9,4.45,4.67,123457546
2023-08-02,4.53,4.6,4.5,4.52,61689326
2023-08-03,4.47,4.56,4.42,4.55,46077286
2023-08-04,4.58,4.63,4.48,4.54,33802837
2023-08-07,4.51,4.51,4.43,4.45,26560190
2023-08-08,4.45,4.47,4.38,4.42,20664025
2023-08-09,4.4,4.46,4.36,4.38,15936100
2023-08-10,4.38,4.41,4.33,4.37,18211977
2023-08-11,4.37,4.39,4.29,4.29,16719644
2023-08-14,4.25,4.52,4.22,4.43,40169518
2023-08-15,4.43,4.46,4.29,4.35,18893760
2023-08-16,4.33,4.4,4.27,4.33,16778108
2023-08-17,4.31,4.41,4.26,4.38,20322842
2023-08-18,4.35,4.41,4.27,4.28,18968400
2023-08-21,4.27,4.31,4.22,4.22,11319300
2023-08-22,4.21,4.29,4.2,4.27,15423243
2023-08-23,4.28,4.31,4.2,4.21,14348000
2023-08-24,4.2,4.25,4.09,4.1,27243691
2023-08-25,4.08,4.2,4.03,4.13,23631477
2023-08-28,4.35,4.42,4.24,4.25,42304851
2023-08-29,4.25,4.29,4.15,4.18,38187900
2023-08-30,4.16,4.18,4.08,4.09,29906808
2023-08-31,4.1,4.16,4.08,4.1,20067072
2023-09-01,4.1,4.38,4.1,4.26,55549652
2023-09-04,4.24,4.47,4.22,4.44,53506286
2023-09-05,4.42,4.43,4.27,4.29,32184002
2023-09-06,4.27,4.29,4.18,4.2,28773387
2023-09-07,4.2,4.2,4.11,4.12,28465816
2023-09-08,4.1,4.15,4.1,4.13,17994500
2023-09-11,4.13,4.17,4.09,4.16,17970805
2023-09-12,4.15,4.18,4.13,4.14,12405000
2023-09-13,4.16,4.25,4.14,4.16,22375506
2023-09-14,4.16,4.22,4.15,4.2,16494050
2023-09-15,4.2,4.3,4.2,4.26,28151546
2023-09-18,4.26,4.26,4.18,4.21,17480523
2023-09-19,4.23,4.29,4.21,4.25,19258900
2023-09-20,4.25,4.3,4.22,4.22,13333997
2023-09-21,4.2,4.26,4.19,4.22,13043483
2023-09-22,4.19,4.2,4.12,4.19,18461137
2023-09-25,4.18,4.19,4.11,4.14,16484700
2023-09-26,4.12,4.21,4.11,4.16,16472493
2023-09-27,4.15,4.18,4.13,4.13,12113400
2023-09-28,4.13,4.17,4.12,4.16,9581735
2023-10-09,4.13,4.14,4.07,4.08,17549594
2023-10-10,4.09,4.1,4.01,4.02,26006465
2023-10-11,4.04,4.04,3.97,3.99,20084200
2023-10-12,4,4.07,3.99,4.06,16347529
2023-10-13,4.04,4.05,3.99,4.01,13704200
2023-10-16,4,4.04,4,4.02,10434700
2023-10-17,4.03,4.06,4.01,4.03,15113500
2023-10-18,4.02,4.03,3.96,3.97,14307200
2023-10-19,3.95,3.96,3.88,3.89,18019961
2023-10-20,3.88,3.93,3.85,3.9,9946608
2023-10-23,3.9,3.9,3.74,3.79,15632883
2023-10-24,3.8,3.85,3.77,3.85,10686602
2023-10-25,3.88,4.02,3.88,3.97,27163477
2023-10-26,3.93,3.97,3.89,3.93,16370498
2023-10-27,3.91,3.97,3.9,3.96,18947666
2023-10-30,3.96,4.07,3.95,4.03,24907480
2023-10-31,4.04,4.06,3.98,4.03,14414436
2023-11-01,4.11,4.15,4.03,4.04,20253499
2023-11-02,4.04,4.06,4,4.01,11138905
2023-11-03,4.01,4.05,3.99,4,13099500
2023-11-06,4.01,4.03,3.98,4.02,13109400
2023-11-07,4.02,4.02,3.97,4,12135670
2023-11-08,3.99,4,3.95,3.98,12904322
2023-11-09,3.97,4,3.93,3.98,10787699
2023-11-10,3.97,3.97,3.92,3.94,10742168
2023-11-13,3.94,4.04,3.94,4.04,21665626
2023-11-14,4.04,4.05,3.98,4.02,13543302
2023-11-15,4.04,4.1,4.02,4.08,27343023
2023-11-16,4.08,4.08,4.03,4.03,13750390
2023-11-17,4.03,4.06,4,4.03,11411700
2023-11-20,4.03,4.07,4.01,4.03,18145622
2023-11-21,4.04,4.08,4.03,4.04,16839131
2023-11-22,4.04,4.06,4,4,14716600
2023-11-23,3.99,4.03,3.98,4.02,10684500
2023-11-24,4.02,4.04,3.98,4,10238900
2023-11-27,3.99,4.02,3.97,3.99,11670259
2023-11-28,3.99,4,3.95,4,11176502
2023-11-29,3.99,4.01,3.93,3.94,11052379
2023-11-30,3.95,3.97,3.91,3.94,11153300
2023-12-01,3.94,3.97,3.92,3.95,8339400
2023-12-04,3.96,4,3.94,3.97,11190406
2023-12-05,3.96,3.96,3.89,3.89,13490200
2023-12-06,3.9,3.92,3.85,3.88,12632566
2023-12-07,3.87,3.88,3.82,3.84,18138498
2023-12-08,3.86,3.9,3.82,3.82,18248361
2023-12-11,3.83,3.86,3.77,3.85,16131437
2023-12-12,3.83,3.85,3.79,3.83,12661600
2023-12-13,3.82,3.83,3.77,3.77,11459700
2023-12-14,3.78,3.79,3.74,3.74,13885693
2023-12-15,3.74,3.78,3.73,3.74,11848200
2023-12-18,3.74,3.74,3.65,3.66,14989600
2023-12-19,3.66,3.67,3.6,3.63,10316302
2023-12-20,3.63,3.65,3.58,3.59,8829084
2023-12-21,3.58,3.62,3.53,3.6,11324305
2023-12-22,3.62,3.64,3.56,3.6,9050590
2023-12-25,3.59,3.59,3.53,3.55,10624469
2023-12-26,3.57,3.57,3.5,3.51,11294800
2023-12-27,3.5,3.56,3.49,3.54,10962483
2023-12-28,3.55,3.62,3.52,3.6,14912220
2023-12-29,3.59,3.62,3.57,3.59,11428237
2024-01-02,3.62,3.65,3.59,3.62,13107048
2024-01-03,3.61,3.65,3.6,3.63,11477576
2024-01-04,3.65,3.65,3.59,3.61,10218141
2024-01-05,3.61,3.65,3.56,3.58,14089967
2024-01-08,3.59,3.59,3.5,3.52,10035689
2024-01-09,3.5,3.55,3.5,3.53,9458208
2024-01-10,3.5,3.53,3.46,3.49,8418060
2024-01-11,3.49,3.49,3.44,3.48,14760800
2024-01-12,3.46,3.54,3.46,3.5,11050518
2024-01-15,3.49,3.5,3.43,3.47,9568800
2024-01-16,3.45,3.48,3.38,3.44,11814520
2024-01-17,3.43,3.44,3.35,3.35,11823820
2024-01-18,3.31,3.34,3.21,3.34,17740533
2024-01-19,3.34,3.34,3.27,3.3,10493791
2024-01-22,3.32,3.32,3.1,3.15,16492800
2024-01-23,3.1,3.18,3.06,3.15,18848733
2024-01-24,3.17,3.26,3.12,3.26,19435270
2024-01-25,3.26,3.4,3.23,3.39,18079182
2024-01-26,3.39,3.46,3.37,3.44,17710600
2024-01-29,3.44,3.46,3.35,3.36,15768500
2024-01-30,3.35,3.37,3.27,3.28,12469100
2024-01-31,3.26,3.3,3.14,3.16,16547717
2024-02-01,3.14,3.17,3.08,3.09,19158902
2024-02-02,3.08,3.16,2.89,2.99,23831700
2024-02-05,2.99,2.99,2.72,2.78,34527884
2024-02-06,2.76,2.92,2.67,2.88,28170143
2024-02-07,2.89,2.91,2.81,2.86,31369479
2024-02-08,2.87,2.98,2.82,2.97,32662265
2024-02-19,2.98,3.05,2.97,3.02,23871529
2024-02-20,3.02,3.04,2.96,3.03,13502500
2024-02-21,3.01,3.13,2.99,3.06,20876130
2024-02-22,3.04,3.1,3.03,3.1,12389663
2024-02-23,3.1,3.15,3.08,3.14,15374733
2024-02-26,3.15,3.19,3.13,3.14,17082925
2024-02-27,3.12,3.2,3.11,3.19,14957910
2024-02-28,3.19,3.31,3.1,3.1,27211426
2024-02-29,3.1,3.15,3.07,3.15,16030773
2024-03-01,3.16,3.18,3.11,3.13,10430022
2024-03-04,3.13,3.15,3.06,3.09,11771339
2024-03-05,3.07,3.08,3.03,3.04,12334200
2024-03-06,3.03,3.25,3.02,3.13,31542736
2024-03-07,3.11,3.28,3.09,3.23,41061847
2024-03-08,3.2,3.23,3.1,3.15,24849551
2024-03-11,3.15,3.18,3.11,3.16,19252025
2024-03-12,3.15,3.16,3.11,3.16,20672336
2024-03-13,3.16,3.16,3.12,3.14,13635413
2024-03-14,3.13,3.21,3.12,3.15,20533100
2024-03-15,3.13,3.21,3.1,3.2,27511700
2024-03-18,3.2,3.21,3.14,3.19,20548800
2024-03-19,3.18,3.34,3.17,3.23,37781500
2024-03-20,3.21,3.23,3.17,3.2,20641104
2024-03-21,3.2,3.22,3.17,3.2,16227853
2024-03-22,3.2,3.2,3.11,3.13,18110794
2024-03-25,3.12,3.18,3.11,3.12,11348800
2024-03-26,3.11,3.13,3.06,3.1,14055968
2024-03-27,3.1,3.12,3.03,3.03,12895100
2024-03-28,3.02,3.07,3.02,3.05,10596220
2024-03-29,3.05,3.08,3.03,3.08,9001013
2024-04-01,3.09,3.16,3.09,3.14,16165500
2024-04-02,3.15,3.4,3.14,3.28,57614617
2024-04-03,3.25,3.32,3.21,3.31,37379531
2024-04-08,3.31,3.37,3.24,3.26,37550886
2024-04-09,3.23,3.32,3.22,3.31,24649524
2024-04-10,3.29,3.31,3.23,3.25,18289085
2024-04-11,3.24,3.42,3.22,3.34,35864452
2024-04-12,3.33,3.34,3.25,3.29,24546100
2024-04-15,3.27,3.28,3.06,3.16,34901561
2024-04-16,3.14,3.15,2.91,2.93,39160164
2024-04-17,2.93,3.07,2.93,3.02,28210520
2024-04-18,3.02,3.04,2.97,2.98,20993000
2024-04-19,2.97,3.09,2.96,3.03,21764200
2024-04-22,3.03,3.05,2.95,2.96,16910538
2024-04-23,2.96,2.98,2.92,2.92,14068370
2024-04-24,2.96,2.98,2.92,2.96,10489800
2024-04-25,2.95,2.99,2.93,2.96,11481800
2024-04-26,2.96,2.98,2.91,2.98,15956400
2024-04-29,2.96,3.06,2.95,3.06,24379100
2024-04-30,3.06,3.08,3.01,3.04,17565300
2024-05-06,3.06,3.08,3.05,3.08,14844893
2024-05-07,3.07,3.08,3.04,3.07,12290920
2024-05-08,3.05,3.06,3.02,3.02,10546605
2024-05-09,3.02,3.08,3.01,3.04,9153200
2024-05-10,3.05,3.07,3.02,3.05,9066200
2024-05-13,3.04,3.04,3,3.01,8640267
2024-05-14,3.01,3.04,3.01,3.01,6828060
2024-05-15,3.01,3.04,2.98,3.01,11084186
2024-05-16,3.02,3.26,3.01,3.14,51097618
2024-05-17,3.1,3.15,3.03,3.15,39067280
2024-05-20,3.13,3.19,3.12,3.15,25689422
2024-05-21,3.15,3.18,3.1,3.12,16899338
2024-05-22,3.12,3.17,3.1,3.16,20420538
2024-05-23,3.14,3.15,3.05,3.07,19570489
2024-05-24,3.06,3.09,3.03,3.04,11584761
2024-05-27,3.04,3.06,2.99,3.02,14307900
2024-05-28,3.03,3.03,2.99,3,10608162
2024-05-29,3.01,3.03,2.97,3,10096600
2024-05-30,3.03,3.15,3.01,3.06,30952170
2024-05-31,3.02,3.03,2.98,2.99,18695362
2024-06-03,2.99,3,2.92,2.94,13694798
2024-06-04,2.95,2.95,2.91,2.95,6109178
2024-06-05,2.95,2.95,2.92,2.92,5552502
2024-06-06,2.92,2.93,2.8,2.81,16275100
2024-06-07,2.86,2.88,2.82,2.84,15147033
2024-06-11,2.85,2.86,2.75,2.84,12426800
2024-06-12,2.81,2.83,2.8,2.82,7064100
2024-06-13,2.84,2.85,2.76,2.78,8842600
2024-06-14,2.78,2.85,2.78,2.84,11351562
2024-06-17,2.82,2.83,2.77,2.78,10106400
2024-06-18,2.76,2.81,2.76,2.79,6105268
2024-06-19,2.79,2.81,2.77,2.77,3710000
2024-06-20,2.78,2.79,2.7,2.71,9053900
2024-06-21,2.69,2.73,2.68,2.72,4924578
2024-06-24,2.71,2.71,2.62,2.62,9477456
2024-06-25,2.6,2.67,2.6,2.64,7897100
2024-06-26,2.64,2.72,2.62,2.7,6883700
2024-06-27,2.69,2.71,2.66,2.66,5295902
2024-06-28,2.65,2.68,2.64,2.65,4955000
2024-07-01,2.65,2.69,2.65,2.69,5280963
2024-07-02,2.69,2.75,2.67,2.74,8873400
2024-07-03,2.74,2.78,2.72,2.74,6758700
2024-07-04,2.74,2.75,2.65,2.66,6458205
2024-07-05,2.65,2.7,2.64,2.69,4905500
2024-07-08,2.71,2.72,2.63,2.64,5972622
2024-07-09,2.64,2.66,2.56,2.65,8240909
2024-07-10,2.63,2.63,2.59,2.59,6228600
2024-07-11,2.62,2.66,2.62,2.66,7637300
2024-07-12,2.66,2.68,2.64,2.65,4668600
2024-07-15,2.64,2.65,2.61,2.62,4937300
2024-07-16,2.62,2.64,2.61,2.63,3630880
2024-07-17,2.63,2.64,2.6,2.6,3811600
2024-07-18,2.6,2.62,2.57,2.61,5363700
2024-07-19,2.59,2.61,2.58,2.6,4843400
2024-07-22,2.59,2.6,2.57,2.58,3943000
2024-07-23,2.58,2.61,2.56,2.56,6456042
2024-07-24,2.57,2.57,2.47,2.5,8908796
2024-07-25,2.49,2.52,2.47,2.5,5018669
2024-07-26,2.5,2.55,2.5,2.55,6437426
2024-07-29,2.55,2.61,2.54,2.6,6731783
2024-07-30,2.61,2.62,2.59,2.61,5332200
2024-07-31,2.63,2.71,2.61,2.7,13002976
2024-08-01,2.7,2.72,2.63,2.65,14189509
2024-08-02,2.64,2.67,2.61,2.62,9379000
2024-08-05,2.63,2.66,2.6,2.61,9108541
2024-08-06,2.61,2.64,2.6,2.63,5295902
2024-08-07,2.66,2.66,2.61,2.62,3848300
2024-08-08,2.62,2.65,2.61,2.64,5216250
2024-08-09,2.65,2.66,2.61,2.62,6183000
2024-08-12,2.61,2.64,2.59,2.61,6447500
2024-08-13,2.59,2.63,2.57,2.62,5137800
2024-08-14,2.63,2.68,2.6,2.62,8885400
2024-08-15,2.6,2.64,2.59,2.63,7737904
2024-08-16,2.63,2.63,2.6,2.6,4503960
2024-08-19,2.6,2.62,2.59,2.6,4371900
2024-08-20,2.6,2.61,2.54,2.55,6687182
2024-08-21,2.55,2.56,2.52,2.53,4325000
2024-08-22,2.54,2.55,2.47,2.49,6078000
2024-08-23,2.51,2.65,2.45,2.63,16437069
2024-08-26,2.6,2.62,2.55,2.58,16808485
2024-08-27,2.56,2.58,2.51,2.55,11796800
2024-08-28,2.54,2.59,2.51,2.53,7865114
2024-08-29,2.52,2.52,2.49,2.51,7754400
2024-08-30,2.51,2.58,2.49,2.56,11083237
2024-09-02,2.56,2.57,2.51,2.51,4895722
2024-09-03,2.52,2.53,2.49,2.5,5962215
2024-09-04,2.5,2.51,2.47,2.47,5970700
2024-09-05,2.48,2.51,2.47,2.5,4668215
2024-09-06,2.52,2.52,2.48,2.49,3373502
2024-09-09,2.48,2.5,2.46,2.48,4537700
2024-09-10,2.47,2.5,2.45,2.49,4644000
2024-09-11,2.48,2.49,2.46,2.47,3132402
2024-09-12,2.47,2.5,2.47,2.47,3823900
2024-09-13,2.47,2.52,2.47,2.49,9708987
2024-09-18,2.47,2.5,2.45,2.5,6677408
2024-09-19,2.51,2.75,2.49,2.65,35679850
2024-09-20,2.61,2.66,2.58,2.59,22230542
2024-09-23,2.58,2.79,2.56,2.72,40894446
2024-09-24,2.72,2.99,2.69,2.99,98461427
2024-09-25,3,3.19,2.92,2.93,110198139
2024-09-26,2.9,3.08,2.88,3.06,73335597
2024-09-27,3.15,3.17,3.01,3.08,51252958
2024-09-30,3.3,3.39,3.15,3.38,99116410
2024-10-08,3.72,3.72,3.26,3.47,108344866
2024-10-09,3.37,3.37,3.12,3.12,61345081
2024-10-10,3.1,3.38,3.05,3.26,52957444
2024-10-11,3.26,3.31,3.14,3.17,29509274
2024-10-14,3.19,3.3,3.18,3.29,34028840
2024-10-15,3.25,3.26,3.18,3.18,24272402
2024-10-16,3.14,3.28,3.11,3.25,32434197
2024-10-17,3.23,3.36,3.16,3.2,40338570
2024-10-18,3.17,3.24,3.1,3.2,36426785
2024-10-21,3.2,3.2,3.14,3.15,25293100
2024-10-22,3.14,3.23,3.13,3.19,22758700
2024-10-23,3.18,3.25,3.16,3.22,27610964
2024-10-24,3.19,3.2,3.14,3.17,15988302
2024-10-25,3.17,3.24,3.16,3.23,30072446
2024-10-28,3.4,3.55,3.4,3.55,76731634
2024-10-29,3.77,3.88,3.64,3.65,198104479
2024-10-30,3.45,3.79,3.45,3.66,112982703
2024-10-31,3.57,3.65,3.45,3.64,88458073
2024-11-01,3.63,4,3.55,3.84,157492055
2024-11-04,3.74,3.8,3.5,3.61,92178512
2024-11-05,3.55,3.78,3.54,3.69,99368639
2024-11-06,3.66,3.7,3.56,3.64,74987570
2024-11-07,3.62,3.83,3.57,3.76,86270418
2024-11-08,3.76,3.81,3.65,3.68,63649366
2024-11-11,3.66,3.69,3.56,3.61,42578400
2024-11-12,3.63,3.64,3.53,3.57,36219638
2024-11-13,3.58,3.62,3.52,3.56,27065715
2024-11-14,3.53,3.56,3.44,3.46,30876553
2024-11-15,3.42,3.52,3.34,3.35,30408000
2024-11-18,3.38,3.47,3.32,3.36,32879938
2024-11-19,3.36,3.37,3.25,3.37,29230602
2024-11-20,3.34,3.39,3.32,3.39,21777500
2024-11-21,3.38,3.4,3.33,3.37,17617600
2024-11-22,3.34,3.39,3.24,3.25,25397500
2024-11-25,3.25,3.3,3.21,3.27,15736100
2024-11-26,3.26,3.31,3.23,3.25,21918302
2024-11-27,3.22,3.26,3.12,3.25,26387100
2024-11-28,3.23,3.34,3.21,3.29,23641491
2024-11-29,3.3,3.32,3.24,3.29,19095838
2024-12-02,3.27,3.51,3.27,3.48,53490547
2024-12-03,3.48,3.52,3.39,3.43,28352602
2024-12-04,3.41,3.5,3.38,3.42,27503281
2024-12-05,3.39,3.55,3.37,3.52,41583545
2024-12-06,3.5,3.58,3.46,3.57,38886447
2024-12-09,3.57,3.62,3.48,3.51,32506900
2024-12-10,3.58,3.67,3.49,3.52,64984147
2024-12-11,3.47,3.64,3.47,3.59,55678548
2024-12-12,3.6,3.6,3.52,3.54,30702800
2024-12-13,3.55,3.58,3.43,3.45,30309402
2024-12-16,3.43,3.46,3.38,3.39,25443400
2024-12-17,3.4,3.41,3.25,3.26,29920414
2024-12-18,3.29,3.35,3.26,3.27,23357700
2024-12-19,3.25,3.35,3.21,3.32,27603000
2024-12-20,3.32,3.34,3.23,3.26,24762200
2024-12-23,3.31,3.37,3.21,3.22,36753508
2024-12-24,3.22,3.3,3.17,3.27,29783100
2024-12-25,3.28,3.28,3.16,3.19,22287311
2024-12-26,3.17,3.21,3.16,3.18,13024735
2024-12-27,3.17,3.25,3.16,3.21,19983400
2024-12-30,3.19,3.19,3.1,3.14,23096500
2024-12-31,3.15,3.16,3.07,3.07,13635608
2025-01-02,3.07,3.09,2.94,2.98,19085639
2025-01-03,3,3.01,2.86,2.86,21164303
2025-01-06,2.86,2.92,2.8,2.91,16068034
2025-01-07,2.91,2.93,2.86,2.93,10931102
2025-01-08,2.93,2.93,2.84,2.9,11260200
2025-01-09,2.87,2.91,2.87,2.89,7741600
2025-01-10,2.87,2.91,2.83,2.83,8118000
2025-01-13,2.81,2.9,2.77,2.85,15199300
2025-01-14,2.85,2.93,2.85,2.93,13292100
2025-01-15,2.92,2.93,2.88,2.91,10026000
2025-01-16,2.89,3.06,2.89,3.02,31975082
2025-01-17,2.98,3.06,2.94,2.98,20354095
2025-01-20,2.99,3.15,2.95,3.1,37264320
2025-01-21,3.11,3.13,3.02,3.05,17779600
2025-01-22,3.05,3.06,2.95,2.99,10537900
2025-01-23,3.04,3.06,2.93,2.94,14139725
2025-01-24,2.92,2.98,2.9,2.96,22412272
2025-01-27,2.94,3.13,2.94,3.08,44370855
2025-02-05,3.08,3.2,3.06,3.09,18304900
2025-02-06,3.1,3.21,3.07,3.17,28099940
2025-02-07,3.17,3.25,3.14,3.21,33806732
2025-02-10,3.18,3.24,3.17,3.23,26393964
2025-02-11,3.2,3.23,3.13,3.16,20848920
2025-02-12,3.17,3.19,3.1,3.13,15252420
2025-02-13,3.13,3.19,3.12,3.16,17939257
2025-02-14,3.16,3.17,3.09,3.12,15386004
2025-02-17,3.11,3.16,3.09,3.14,13660102
2025-02-18,3.13,3.15,3.07,3.08,17083504
2025-02-19,3.09,3.11,3.04,3.07,14676962
2025-02-20,3.06,3.09,3.04,3.07,13046500
2025-02-21,3.08,3.08,3.02,3.03,15884146
2025-02-24,3.05,3.13,3.03,3.12,29003410
2025-02-25,3.1,3.17,3.06,3.13,25600000
2025-02-26,3.13,3.44,3.1,3.44,71588095
2025-02-27,3.51,3.52,3.37,3.48,109629602
2025-02-28,3.46,3.56,3.37,3.48,58318400
2025-03-03,3.47,3.71,3.43,3.54,75692995
2025-03-04,3.56,3.75,3.49,3.61,69163594
2025-03-05,3.61,3.62,3.42,3.57,62629572
2025-03-06,3.51,3.56,3.43,3.45,51895697
2025-03-07,3.45,3.56,3.42,3.5,48769742
2025-03-10,3.48,3.48,3.38,3.41,31321295
2025-03-11,3.34,3.43,3.33,3.43,26249100
2025-03-12,3.44,3.47,3.38,3.39,19803800
2025-03-13,3.4,3.57,3.36,3.54,49414400
2025-03-14,3.52,3.63,3.43,3.57,56094802
2025-03-17,3.55,3.6,3.48,3.49,33537581
2025-03-18,3.49,3.51,3.41,3.42,24752220
2025-03-19,3.42,3.45,3.37,3.45,19898100
2025-03-20,3.43,3.67,3.4,3.56,56350411
2025-03-21,3.58,3.7,3.53,3.6,50910900
2025-03-24,3.6,3.96,3.52,3.87,137436350
2025-03-25,3.7,3.83,3.69,3.75,90336495
2025-03-26,3.75,3.77,3.6,3.62,60882040
2025-03-27,3.62,3.63,3.43,3.47,48174200
2025-03-28,3.44,3.47,3.35,3.38,31398000
2025-03-31,3.34,3.37,3.22,3.25,31632000
2025-04-01,3.26,3.41,3.26,3.34,34427255
2025-04-02,3.33,3.4,3.29,3.33,19590010
2025-04-03,3.33,3.49,3.3,3.42,35198810
2025-04-07,3.29,3.33,3.08,3.08,39540332
2025-04-08,3.03,3.12,2.99,3.06,36352100
2025-04-09,3.01,3.08,2.83,3.07,42246710
2025-04-10,3.09,3.29,3.08,3.2,42772225
2025-04-11,3.16,3.21,3.14,3.14,23987300
2025-04-14,3.16,3.23,3.16,3.2,20259022
2025-04-15,3.19,3.21,3.11,3.14,16505527
2025-04-16,3.13,3.15,3.05,3.11,15919720
2025-04-17,3.1,3.21,3.06,3.14,22450300
2025-04-18,3.13,3.16,3.08,3.12,11946394
2025-04-21,3.12,3.18,3.08,3.15,12041600
2025-04-22,3.14,3.17,3.1,3.13,13569700
2025-04-23,3.13,3.2,3.12,3.17,22146120
2025-04-24,3.17,3.18,3.1,3.12,15016500
2025-04-25,3.11,3.2,3.1,3.19,26454320
2025-04-28,3.16,3.33,3.16,3.23,41401856
2025-04-29,3.19,3.33,3.16,3.17,31065500
2025-04-30,3.17,3.17,3.1,3.11,28678012
2025-05-06,3.12,3.25,3.11,3.22,29324600
2025-05-07,3.23,3.29,3.22,3.29,22626802
2025-05-08,3.27,3.31,3.25,3.28,22461440
2025-05-09,3.29,3.32,3.25,3.31,24598234
2025-05-12,3.3,3.32,3.25,3.26,25219200
2025-05-13,3.26,3.32,3.23,3.25,24531860
2025-05-14,3.24,3.29,3.21,3.29,22810600
2025-05-15,3.29,3.31,3.25,3.26,12933702
2025-05-16,3.3,3.32,3.22,3.24,19159820
2025-05-19,3.25,3.37,3.23,3.32,31608887
2025-05-20,3.32,3.35,3.26,3.28,20183500
2025-05-21,3.29,3.29,3.25,3.27,12999600
2025-05-22,3.25,3.29,3.22,3.22,13955300
2025-05-23,3.22,3.27,3.14,3.15,23561160
2025-05-26,3.15,3.19,3.13,3.18,14118062
2025-05-27,3.17,3.26,3.14,3.23,19477060
2025-05-28,3.19,3.22,3.15,3.17,13869700
2025-05-29,3.16,3.2,3.15,3.18,8986800
2025-05-30,3.18,3.19,3.14,3.15,15376800
2025-06-03,3.14,3.14,3.06,3.08,30729100
2025-06-04,3.08,3.1,3.06,3.1,16762900
2025-06-05,3.1,3.11,3.04,3.06,21065400
2025-06-06,3.07,3.1,3.06,3.08,21831700
2025-06-09,3.08,3.1,3.04,3.1,15636000
2025-06-10,3.1,3.16,3.04,3.1,26967200
2025-06-11,3.08,3.13,3.06,3.1,21985865
2025-06-12,3.1,3.11,3.05,3.06,18031742
2025-06-13,3.05,3.06,3.04,3.04,9504100
2025-06-16,3.04,3.09,3.02,3.05,17994400
2025-06-17,3.05,3.08,3.04,3.08,14695600
2025-06-18,3.07,3.08,3.03,3.04,15898500
2025-06-19,3.04,3.04,2.97,2.98,21003800
2025-06-20,2.98,3,2.94,2.95,15588318
2025-06-23,2.94,2.98,2.91,2.96,10704700
2025-06-24,2.96,3.02,2.96,3,21121302
2025-06-25,3,3.05,2.99,3.03,20069784
2025-06-26,3.03,3.06,3.01,3.01,17564752
2025-06-27,3.02,3.08,3.02,3.07,27655944
2025-06-30,3.07,3.08,3.03,3.06,17871900
2025-07-01,3.07,3.12,3.06,3.11,39291872
2025-07-02,3.11,3.35,3.09,3.26,87593943
2025-07-03,3.25,3.33,3.16,3.25,69071028
2025-07-04,3.22,3.41,3.22,3.29,86103202
2025-07-07,3.26,3.29,3.22,3.27,40251002
2025-07-08,3.26,3.36,3.22,3.35,54290062
2025-07-09,3.35,3.44,3.31,3.33,34262560
2025-07-10,3.33,3.39,3.33,3.37,32223202
2025-07-11,3.36,3.45,3.35,3.39,46495000
2025-07-14,3.39,3.44,3.33,3.35,50636642
2025-07-15,3.3,3.37,3.25,3.27,45010301
2025-07-16,3.28,3.28,3.17,3.2,33688800
2025-07-17,3.19,3.29,3.17,3.27,34931102
2025-07-18,3.27,3.33,3.25,3.29,27241500
2025-07-21,3.54,3.62,3.46,3.62,52082206
2025-07-22,3.89,3.97,3.64,3.88,222668552
2025-07-23,3.91,4.27,3.74,3.97,282612948
2025-07-24,3.73,4,3.59,3.91,194096557
2025-07-25,3.9,3.96,3.77,3.82,125208665
2025-07-28,3.82,3.84,3.65,3.7,75865665
2025-07-29,3.66,4.07,3.65,4.07,145444994
2025-07-30,4.1,4.48,4.1,4.48,228068866
2025-07-31,4.56,4.59,4.21,4.26,208583366
2025-08-01,4.26,4.26,4.02,4.05,124868650
2025-08-04,4.05,4.09,3.9,4.02,84787051
2025-08-05,3.95,4.09,3.93,3.95,90643709
2025-08-06,3.93,3.93,3.84,3.86,76774583
2025-08-07,3.85,3.86,3.76,3.85,59245936
2025-08-08,3.84,4.24,3.82,4.24,107589259
2025-08-11,4.66,4.66,4.47,4.66,93353558
2025-08-12,4.94,5.13,4.67,5.13,265698587
2025-08-13,5.37,5.55,5,5.23,377729066
2025-08-14,4.97,4.97,4.71,4.71,150351966
2025-08-15,4.42,4.55,4.38,4.45,181137596
2025-08-18,4.42,4.6,4.39,4.47,130226557
2025-08-19,4.43,4.56,4.4,4.46,104349627
2025-08-20,4.44,4.73,4.42,4.6,140816656
2025-08-21,4.61,4.65,4.47,4.5,88249464
2025-08-22,4.49,4.64,4.44,4.53,91716383
2025-08-25,4.55,4.75,4.46,4.66,133433359
2025-08-26,4.66,4.67,4.47,4.54,84442057
2025-08-27,4.51,4.54,4.39,4.39,74105192
2025-08-28,4.39,4.53,4.26,4.47,82494989
2025-08-29,4.44,4.44,4.35,4.35,44550037
2025-09-01,4.34,4.46,4.3,4.45,53658764
2025-09-02,4.43,4.47,4.35,4.38,41371097
2025-09-03,4.44,4.47,4.29,4.31,53815300
2025-09-04,4.26,4.3,4.1,4.18,54576396
2025-09-05,4.2,4.24,4.13,4.23,32805500
2025-09-08,4.22,4.3,4.21,4.29,27509900
2025-09-09,4.29,4.33,4.22,4.25,31601800
2025-09-10,4.22,4.29,4.18,4.25,31247885
2025-09-11,4.25,4.3,4.2,4.29,35314154
2025-09-12,4.29,4.72,4.26,4.72,143730470
2025-09-15,4.72,4.8,4.57,4.61,128001364
2025-09-16,4.65,4.84,4.6,4.74,113221461
2025-09-17,4.65,4.71,4.62,4.65,62394900
2025-09-18,4.67,4.74,4.43,4.49,75389756
2025-09-19,4.48,4.75,4.46,4.55,98139592
2025-09-22,4.48,4.52,4.3,4.37,70374741
2025-09-23,4.33,4.36,4.16,4.26,51926914
2025-09-24,4.24,4.36,4.21,4.32,41956214
2025-09-25,4.32,4.39,4.22,4.25,35966708
2025-09-26,4.25,4.3,4.2,4.2,28083189
2025-09-29,4.22,4.35,4.17,4.33,47531516
2025-09-30,4.3,4.45,4.28,4.34,41703511
2025-10-09,4.46,4.73,4.46,4.69,111604623
2025-10-10,4.68,4.79,4.61,4.75,100945753
2025-10-13,4.57,4.72,4.54,4.71,63651508
2025-10-14,4.7,4.83,4.58,4.62,71236542
2025-10-15,4.65,4.96,4.62,4.77,77218102
2025-10-16,4.69,4.74,4.54,4.56,61376300
2025-10-17,4.58,4.7,4.5,4.51,53583500
2025-10-20,4.55,4.61,4.48,4.53,35804953
2025-10-21,4.54,4.59,4.5,4.57,31461500
2025-10-22,4.56,4.69,4.54,4.62,45757600
2025-10-23,4.59,4.6,4.36,4.52,49074912
2025-10-24,4.52,4.54,4.32,4.35,57556300
2025-10-27,4.41,4.62,4.36,4.48,70862002
2025-10-28,4.42,4.44,4.33,4.36,44745902
2025-10-29,4.31,4.38,4.24,4.37,39158322
2025-10-30,4.36,4.44,4.34,4.39,49223002
2025-10-31,4.35,4.47,4.35,4.44,42386058
2025-11-03,4.44,4.49,4.37,4.49,37958100
2025-11-04,4.48,4.5,4.37,4.41,30196200
2025-11-05,4.4,4.49,4.35,4.46,34107242
2025-11-06,4.46,4.49,4.42,4.48,28418100
2025-11-07,4.46,4.53,4.44,4.45,27565400
2025-11-10,4.01,4.01,4.01,4.01,28959700
2025-11-11,3.91,3.98,3.8,3.82,146591481
2025-11-12,3.79,3.86,3.75,3.75,82873836
2025-11-13,3.75,3.87,3.75,3.86,70874570
2025-11-14,3.82,3.92,3.81,3.9,49506342
2025-11-17,3.91,3.97,3.88,3.93,41748058
2025-11-18,3.91,3.92,3.77,3.79,46511845
2025-11-19,3.78,3.8,3.61,3.66,52490770
2025-11-20,3.64,3.72,3.64,3.68,27575639
2025-11-21,3.64,3.67,3.52,3.53,35920374
2025-11-24,3.53,3.59,3.51,3.58,22609300
2025-11-25,3.6,3.61,3.56,3.57,19652100
2025-11-26,3.58,3.6,3.53,3.56,22833284
2025-11-27,3.55,3.57,3.52,3.53,16801100
2025-11-28,3.53,3.6,3.51,3.59,24586800
2025-12-01,3.6,3.63,3.57,3.6,20738420
2025-12-02,3.6,3.6,3.54,3.57,17639710
2025-12-03,3.57,3.59,3.48,3.5,22926634
2025-12-04,3.5,3.51,3.43,3.44,22245600
2025-12-05,3.43,3.48,3.39,3.47,25724420
2025-12-08,3.47,3.48,3.42,3.44,21644700
2025-12-09,3.42,3.43,3.34,3.34,29146500
2025-12-10,3.34,3.37,3.3,3.36,25686502
2025-12-11,3.36,3.37,3.28,3.28,22695029
2025-12-12,3.28,3.35,3.27,3.31,22228700
2025-12-15,3.28,3.39,3.27,3.35,25398200
2025-12-16,3.34,3.35,3.26,3.28,24081100
2025-12-17,3.28,3.31,3.22,3.3,22086600
2025-12-18,3.28,3.34,3.27,3.3,17168500
2025-12-19,3.31,3.39,3.3,3.37,27427761
2025-12-22,3.43,3.54,3.38,3.4,36161498
2025-12-23,3.4,3.41,3.31,3.33,26622639
2025-12-24,3.32,3.35,3.29,3.34,14741480
2025-12-25,3.35,3.4,3.31,3.38,19152564
2025-12-26,3.37,3.41,3.36,3.4,18367893
2025-12-29,3.4,3.44,3.37,3.39,22925402
2025-12-30,3.37,3.4,3.33,3.35,16625700
2025-12-31,3.36,3.36,3.29,3.34,19551200
2026-01-05,3.35,3.36,3.29,3.3,28571200
2026-01-06,3.3,3.38,3.29,3.38,35655040
2026-01-07,3.38,3.43,3.35,3.4,28354742
2026-01-08,3.39,3.46,3.36,3.44,33588594
2026-01-09,3.44,3.48,3.41,3.44,29735300
2026-01-12,3.44,3.49,3.42,3.47,33045612
2026-01-13,3.47,3.49,3.41,3.43,34158002
2026-01-14,3.42,3.49,3.41,3.43,47636822
2026-01-15,3.42,3.44,3.35,3.37,29329400
2026-01-16,3.37,3.39,3.3,3.31,28531482
2026-01-19,3.29,3.38,3.27,3.37,22462880
2026-01-20,3.39,3.45,3.36,3.44,37306104
2026-01-21,3.44,3.45,3.37,3.42,24566700
2026-01-22,3.42,3.53,3.4,3.52,51779975
2026-01-23,3.52,3.62,3.47,3.6,43558749
2026-01-26,3.24,3.35,3.24,3.24,67092042
2026-01-27,3.11,3.17,2.92,2.99,184059858
2026-01-28,2.99,3.03,2.94,2.98,96409385
2026-01-29,2.96,3.04,2.95,2.99,77144022
2026-01-30,2.97,3.01,2.9,2.91,68941645
2026-02-02,2.89,2.93,2.78,2.79,57777612
2026-02-03,2.81,2.86,2.8,2.85,28689552
2026-02-04,2.85,2.92,2.83,2.92,31134920
2026-02-05,2.91,2.94,2.88,2.91,23047890
2026-02-06,2.89,2.93,2.86,2.91,27441260
2026-02-09,2.92,2.98,2.91,2.97,32770064
2026-02-10,2.97,2.97,2.93,2.96,18771462
2026-02-11,2.97,2.99,2.93,2.97,22303060
2026-02-12,2.97,3,2.93,2.94,20095200
2026-02-13,2.94,2.94,2.89,2.89,19071200
2026-02-24,2.89,2.98,2.89,2.97,26130115
2026-02-25,2.97,3.2,2.96,3.09,78891600
2026-02-26,3.09,3.18,3.06,3.1,52981702
2026-02-27,3.06,3.18,3.05,3.1,55446344
2026-03-02,3.04,3.11,2.95,2.99,59563248
2026-03-03,2.99,3.01,2.84,2.85,61985010
2026-03-04,2.8,2.88,2.78,2.8,36893800
2026-03-05,2.85,2.91,2.83,2.87,29101282
2026-03-06,2.85,2.92,2.81,2.92,23739746
2026-03-09,2.89,2.93,2.87,2.91,24446130
2026-03-10,2.92,2.93,2.86,2.89,25319230
2026-03-11,2.88,2.89,2.85,2.89,20368322
2026-03-12,2.89,2.94,2.87,2.93,29701180
2026-03-13,2.92,3.06,2.9,2.98,55601085
2026-03-16,2.96,2.97,2.84,2.86,56869987
2026-03-17,2.86,3.11,2.86,2.93,80281393
2026-03-18,2.89,2.9,2.82,2.85,51544300
2026-03-19,2.83,2.84,2.78,2.78,36433122
2026-03-20,2.77,2.78,2.7,2.7,33585812
2026-03-23,2.65,2.65,2.51,2.56,32059685
2026-03-24,2.6,2.65,2.56,2.65,23704200
2026-03-25,2.62,2.68,2.62,2.68,35969784
2026-03-26,2.66,2.72,2.59,2.59,27179600
2026-03-27,2.58,2.66,2.55,2.66,27568944
2026-03-31,2.79,2.79,2.79,2.79,68313469
2026-04-01,2.93,2.93,2.93,2.93,11575068
2026-04-02,2.89,2.89,2.78,2.78,68820484
2026-04-03,2.64,2.77,2.64,2.64,86371313
2026-04-07,2.6,2.63,2.52,2.54,57837727
2026-04-08,2.67,2.67,2.64,2.67,42857495
2026-04-09,2.62,2.8,2.6,2.77,85561473
2026-04-10,2.73,2.9,2.72,2.84,65573114
2026-04-13,2.84,2.87,2.76,2.84,41900836
2026-04-14,2.86,2.93,2.78,2.79,45749200
2026-04-15,2.82,2.93,2.77,2.93,49611986
2026-04-16,2.9,3.04,2.89,2.96,63800042
